Annual_Fees,Stipend_Year1,Bond_Years,Bond_Amount,Total_Beds,stipend_fee_ratio,has_bond,mean_closing_rank,median_closing_rank,min_closing_rank,max_closing_rank,std_closing_rank,rank_range,competitiveness,stability,total_rank_records,total_rounds,rank_percentile_by_year_round,applications_per_seat,rank_trend,rank_trend_pct,applicant_rank,Institute_Type_encoded,Course_Type_encoded,fee_bracket_encoded,category_main_encoded,quota_state_encoded,year,round,Institute,Course,Category,Quota,closing_rank
48600.0,60823.0,1.0,4000000.0,355.0,1.2515020576131688,1,32881.0,32881.0,25991.0,39771.0,9743.93,13780.0,3.0411775439450157e-05,0.0001026174636451,2.0,2.0,0.4227113556778389,4,-13780.0,-0.34647490696972744,121959,1,0,1,56,0,2023,4,"ACSR MEDICAL COLLEGE, NELLORE",ANAESTHESIOLOGY,OPEN-GEN,AP GOVT-NS LOC,39771.0
48600.0,60823.0,1.0,4000000.0,355.0,1.2515020576131688,1,32881.0,32881.0,25991.0,39771.0,9743.93,13780.0,3.0411775439450157e-05,0.0001026174636451,2.0,2.0,0.39503619441571874,3,-13780.0,-0.34647490696972744,146868,1,0,1,56,0,2024,3,"ACSR MEDICAL COLLEGE, NELLORE",ANAESTHESIOLOGY,OPEN-GEN,AP GOVT-NS LOC,25991.0
48600.0,60823.0,1.0,4000000.0,355.0,1.2515020576131688,1,34032.8,19178.0,16314.0,85982.0,29472.2,69668.0,2.938255498945166e-05,3.3929128835688015e-05,5.0,3.0,0.34375688174410923,4,-24758.0,-0.5634886314495755,131933,1,0,1,17,0,2023,1,"ACSR MEDICAL COLLEGE, NELLORE",ANAESTHESIOLOGY,BCD-GEN,AP GOVT-NS LOC,16314.0
48600.0,60823.0,1.0,4000000.0,355.0,1.2515020576131688,1,34032.8,19178.0,16314.0,85982.0,29472.2,69668.0,2.938255498945166e-05,3.3929128835688015e-05,5.0,3.0,0.45974688929065194,4,-24758.0,-0.5634886314495755,103695,1,0,1,17,0,2023,2,"ACSR MEDICAL COLLEGE, NELLORE",ANAESTHESIOLOGY,BCD-GEN,AP GOVT-NS LOC,29512.0
48600.0,60823.0,1.0,4000000.0,355.0,1.2515020576131688,1,34032.8,19178.0,16314.0,85982.0,29472.2,69668.0,2.938255498945166e-05,3.3929128835688015e-05,5.0,3.0,0.6575651585242017,4,-24758.0,-0.5634886314495755,119880,1,0,1,17,0,2023,3,"ACSR MEDICAL COLLEGE, NELLORE",ANAESTHESIOLOGY,BCD-GEN,AP GOVT-NS LOC,85982.0
48600.0,60823.0,1.0,4000000.0,355.0,1.2515020576131688,1,34032.8,19178.0,16314.0,85982.0,29472.2,69668.0,2.938255498945166e-05,3.3929128835688015e-05,5.0,3.0,0.3502650602409639,3,-24758.0,-0.5634886314495755,110269,1,0,1,17,0,2024,1,"ACSR MEDICAL COLLEGE, NELLORE",ANAESTHESIOLOGY,BCD-GEN,AP GOVT-NS LOC,19178.0
48600.0,60823.0,1.0,4000000.0,355.0,1.2515020576131688,1,34032.8,19178.0,16314.0,85982.0,29472.2,69668.0,2.938255498945166e-05,3.3929128835688015e-05,5.0,3.0,0.3151375183707747,3,-24758.0,-0.5634886314495755,54887,1,0,1,17,0,2024,2,"ACSR MEDICAL COLLEGE, NELLORE",ANAESTHESIOLOGY,BCD-GEN,AP GOVT-NS LOC,19178.0
496800.0,30000.0,1.0,4000000.0,1200.0,0.0603864734299516,1,56448.33,53643.0,53643.0,62059.0,4858.98,8416.0,1.7715002108971e-05,0.0002057621636303,3.0,3.0,0.6729638554216868,20,,,137338,1,0,0,64,0,2024,1,"ALLURI SITARAM RAJU, ELURU",ANAESTHESIOLOGY,SC-FEM,AP GOVT-NS APUR,53643.0
496800.0,30000.0,1.0,4000000.0,1200.0,0.0603864734299516,1,56448.33,53643.0,53643.0,62059.0,4858.98,8416.0,1.7715002108971e-05,0.0002057621636303,3.0,3.0,0.6319021625026244,20,,,168267,1,0,0,64,0,2024,2,"ALLURI SITARAM RAJU, ELURU",ANAESTHESIOLOGY,SC-FEM,AP GOVT-NS APUR,53643.0
496800.0,30000.0,1.0,4000000.0,1200.0,0.0603864734299516,1,56448.33,53643.0,53643.0,62059.0,4858.98,8416.0,1.7715002108971e-05,0.0002057621636303,3.0,3.0,0.702300930713547,20,,,87499,1,0,0,64,0,2024,3,"ALLURI SITARAM RAJU, ELURU",ANAESTHESIOLOGY,SC-FEM,AP GOVT-NS APUR,62059.0
496800.0,30000.0,1.0,4000000.0,1200.0,0.0603864734299516,1,36410.0,36410.0,36410.0,36410.0,,0.0,2.746422784323419e-05,,1.0,1.0,0.14942528735632185,20,,,112728,1,0,0,56,0,2024,4,"ALLURI SITARAM RAJU, ELURU",ANAESTHESIOLOGY,OPEN-FEM,AP GOVT-NS APUR,36410.0
496800.0,30000.0,1.0,4000000.0,1200.0,0.0603864734299516,1,25045.67,22335.0,22186.0,30616.0,4824.63,8430.0,3.992546713794688e-05,0.0002072268284141,3.0,3.0,0.3908433734939759,20,,,126325,1,0,0,56,0,2024,1,"ALLURI SITARAM RAJU, ELURU",ANAESTHESIOLOGY,OPEN-FEM,AP GOVT-NS LOC,22186.0
496800.0,30000.0,1.0,4000000.0,1200.0,0.0603864734299516,1,25045.67,22335.0,22186.0,30616.0,4824.63,8430.0,3.992546713794688e-05,0.0002072268284141,3.0,3.0,0.3585975225698089,20,,,175204,1,0,0,56,0,2024,2,"ALLURI SITARAM RAJU, ELURU",ANAESTHESIOLOGY,OPEN-FEM,AP GOVT-NS LOC,22335.0
496800.0,30000.0,1.0,4000000.0,1200.0,0.0603864734299516,1,25045.67,22335.0,22186.0,30616.0,4824.63,8430.0,3.992546713794688e-05,0.0002072268284141,3.0,3.0,0.45527404343329886,20,,,191336,1,0,0,56,0,2024,3,"ALLURI SITARAM RAJU, ELURU",ANAESTHESIOLOGY,OPEN-FEM,AP GOVT-NS LOC,30616.0
496800.0,30000.0,1.0,4000000.0,1200.0,0.0603864734299516,1,25161.0,22338.0,22338.0,30807.0,4889.58,8469.0,3.974246880216199e-05,0.0002044747248792,3.0,3.0,0.3923855421686747,20,,,16024,1,0,0,56,0,2024,1,"ALLURI SITARAM RAJU, ELURU",ANAESTHESIOLOGY,OPEN-FEM-PHO,AP GOVT-NS LOC,22338.0
496800.0,30000.0,1.0,4000000.0,1200.0,0.0603864734299516,1,25161.0,22338.0,22338.0,30807.0,4889.58,8469.0,3.974246880216199e-05,0.0002044747248792,3.0,3.0,0.35870249842536217,20,,,41091,1,0,0,56,0,2024,2,"ALLURI SITARAM RAJU, ELURU",ANAESTHESIOLOGY,OPEN-FEM-PHO,AP GOVT-NS LOC,22338.0
496800.0,30000.0,1.0,4000000.0,1200.0,0.0603864734299516,1,25161.0,22338.0,22338.0,30807.0,4889.58,8469.0,3.974246880216199e-05,0.0002044747248792,3.0,3.0,0.45695449844881075,20,,,67222,1,0,0,56,0,2024,3,"ALLURI SITARAM RAJU, ELURU",ANAESTHESIOLOGY,OPEN-FEM-PHO,AP GOVT-NS LOC,30807.0
496800.0,30000.0,1.0,4000000.0,1200.0,0.0603864734299516,1,29855.67,32619.0,22613.0,34335.0,6330.74,11722.0,3.349335341148226e-05,0.0001579344698297,3.0,2.0,0.4917579495905562,15,-4145.0,-0.12706928264868178,64821,1,0,0,56,0,2023,2,"ALLURI SITARAM RAJU, ELURU",ANAESTHESIOLOGY,OPEN-GEN,AP GOVT-NS LOC,32619.0
496800.0,30000.0,1.0,4000000.0,1200.0,0.0603864734299516,1,29855.67,32619.0,22613.0,34335.0,6330.74,11722.0,3.349335341148226e-05,0.0001579344698297,3.0,2.0,0.36237665336972497,20,-4145.0,-0.12706928264868178,770,1,0,0,56,0,2024,2,"ALLURI SITARAM RAJU, ELURU",ANAESTHESIOLOGY,OPEN-GEN,AP GOVT-NS LOC,22613.0
496800.0,30000.0,1.0,4000000.0,1200.0,0.0603864734299516,1,29855.67,32619.0,22613.0,34335.0,6330.74,11722.0,3.349335341148226e-05,0.0001579344698297,3.0,2.0,0.49754395036194415,20,-4145.0,-0.12706928264868178,59736,1,0,0,56,0,2024,3,"ALLURI SITARAM RAJU, ELURU",ANAESTHESIOLOGY,OPEN-GEN,AP GOVT-NS LOC,34335.0
496800.0,30000.0,1.0,4000000.0,1200.0,0.0603864734299516,1,38205.33,34641.0,34641.0,45334.0,6173.61,10693.0,2.6173673315390406e-05,0.0001619535484832,3.0,3.0,0.5293493975903615,20,,,194028,1,0,0,14,0,2024,1,"ALLURI SITARAM RAJU, ELURU",ANAESTHESIOLOGY,BCB-GEN-PHO,AP GOVT-NS LOC,34641.0
496800.0,30000.0,1.0,4000000.0,1200.0,0.0603864734299516,1,38205.33,34641.0,34641.0,45334.0,6173.61,10693.0,2.6173673315390406e-05,0.0001619535484832,3.0,3.0,0.4903422212891035,20,,,64926,1,0,0,14,0,2024,2,"ALLURI SITARAM RAJU, ELURU",ANAESTHESIOLOGY,BCB-GEN-PHO,AP GOVT-NS LOC,34641.0
496800.0,30000.0,1.0,4000000.0,1200.0,0.0603864734299516,1,38205.33,34641.0,34641.0,45334.0,6173.61,10693.0,2.6173673315390406e-05,0.0001619535484832,3.0,3.0,0.6043174767321613,20,,,199042,1,0,0,14,0,2024,3,"ALLURI SITARAM RAJU, ELURU",ANAESTHESIOLOGY,BCB-GEN-PHO,AP GOVT-NS LOC,45334.0
496800.0,30000.0,1.0,4000000.0,1200.0,0.0603864734299516,1,32402.25,29257.0,21507.0,49588.0,12025.55,28081.0,3.086110189564318e-05,8.314936536246888e-05,4.0,3.0,0.4219334948249284,15,14527.0,0.6754230983819974,5312,1,0,0,14,0,2023,1,"ALLURI SITARAM RAJU, ELURU",ANAESTHESIOLOGY,BCB-GEN,AP GOVT-NS LOC,21507.0
496800.0,30000.0,1.0,4000000.0,1200.0,0.0603864734299516,1,32402.25,29257.0,21507.0,49588.0,12025.55,28081.0,3.086110189564318e-05,8.314936536246888e-05,4.0,3.0,0.4769156626506024,20,14527.0,0.6754230983819974,103356,1,0,0,14,0,2024,1,"ALLURI SITARAM RAJU, ELURU",ANAESTHESIOLOGY,BCB-GEN,AP GOVT-NS LOC,29257.0
496800.0,30000.0,1.0,4000000.0,1200.0,0.0603864734299516,1,32402.25,29257.0,21507.0,49588.0,12025.55,28081.0,3.086110189564318e-05,8.314936536246888e-05,4.0,3.0,0.43953390720134367,20,14527.0,0.6754230983819974,184780,1,0,0,14,0,2024,2,"ALLURI SITARAM RAJU, ELURU",ANAESTHESIOLOGY,BCB-GEN,AP GOVT-NS LOC,29257.0
496800.0,30000.0,1.0,4000000.0,1200.0,0.0603864734299516,1,32402.25,29257.0,21507.0,49588.0,12025.55,28081.0,3.086110189564318e-05,8.314936536246888e-05,4.0,3.0,0.6335315408479835,20,14527.0,0.6754230983819974,85306,1,0,0,14,0,2024,3,"ALLURI SITARAM RAJU, ELURU",ANAESTHESIOLOGY,BCB-GEN,AP GOVT-NS LOC,49588.0
496800.0,30000.0,1.0,4000000.0,1200.0,0.0603864734299516,1,23439.0,23439.0,23439.0,23439.0,,0.0,4.266211604095563e-05,,1.0,1.0,0.4087710843373494,20,,,159766,1,0,0,17,0,2024,1,"ALLURI SITARAM RAJU, ELURU",ANAESTHESIOLOGY,BCD-GEN,AP GOVT-NS LOC,23439.0
496800.0,30000.0,1.0,4000000.0,1200.0,0.0603864734299516,1,48216.0,48216.0,48216.0,48216.0,,0.0,2.0739573179583965e-05,,1.0,1.0,0.6255450388173988,15,,,130609,1,0,0,17,0,2023,2,"ALLURI SITARAM RAJU, ELURU",ANAESTHESIOLOGY,BCD-FEM,AP GOVT-NS LOC,48216.0
496800.0,30000.0,1.0,4000000.0,1200.0,0.0603864734299516,1,47800.0,47800.0,42519.0,53081.0,7468.46,10562.0,2.0920064433798452e-05,0.0001338784865304,2.0,2.0,0.6472142699845849,15,,,156731,1,0,0,64,0,2023,1,"ALLURI SITARAM RAJU, ELURU",ANAESTHESIOLOGY,SC-GEN,AP GOVT-NS LOC,42519.0
496800.0,30000.0,1.0,4000000.0,1200.0,0.0603864734299516,1,47800.0,47800.0,42519.0,53081.0,7468.46,10562.0,2.0920064433798452e-05,0.0001338784865304,2.0,2.0,0.6564926087418909,15,,,84479,1,0,0,64,0,2023,2,"ALLURI SITARAM RAJU, ELURU",ANAESTHESIOLOGY,SC-GEN,AP GOVT-NS LOC,53081.0
496800.0,30000.0,1.0,4000000.0,1200.0,0.0603864734299516,1,46196.0,44563.0,23071.0,70954.0,23983.23,47883.0,2.16464272571812e-05,4.169406314065534e-05,3.0,3.0,0.4435146443514644,15,,,122538,1,0,0,12,0,2023,1,"ALLURI SITARAM RAJU, ELURU",ANAESTHESIOLOGY,BCA-FEM,AP GOVT-NS LOC,23071.0
496800.0,30000.0,1.0,4000000.0,1200.0,0.0603864734299516,1,46196.0,44563.0,23071.0,70954.0,23983.23,47883.0,2.16464272571812e-05,4.169406314065534e-05,3.0,3.0,0.5983196852068489,15,,,149504,1,0,0,12,0,2023,2,"ALLURI SITARAM RAJU, ELURU",ANAESTHESIOLOGY,BCA-FEM,AP GOVT-NS LOC,44563.0
496800.0,30000.0,1.0,4000000.0,1200.0,0.0603864734299516,1,46196.0,44563.0,23071.0,70954.0,23983.23,47883.0,2.16464272571812e-05,4.169406314065534e-05,3.0,3.0,0.5999097371093309,15,,,130524,1,0,0,12,0,2023,3,"ALLURI SITARAM RAJU, ELURU",ANAESTHESIOLOGY,BCA-FEM,AP GOVT-NS LOC,70954.0
496800.0,30000.0,1.0,4000000.0,1200.0,0.0603864734299516,1,87261.5,87261.5,74119.0,100404.0,18586.3,26285.0,1.1459676264145538e-05,5.380017538857177e-05,2.0,2.0,0.8301035014314028,15,,,2748,1,0,0,71,0,2023,1,"ALLURI SITARAM RAJU, ELURU",ANAESTHESIOLOGY,ST-GEN,AP GOVT-NS LOC,74119.0
496800.0,30000.0,1.0,4000000.0,1200.0,0.0603864734299516,1,87261.5,87261.5,74119.0,100404.0,18586.3,26285.0,1.1459676264145538e-05,5.380017538857177e-05,2.0,2.0,0.8895033499946825,15,,,123856,1,0,0,71,0,2023,2,"ALLURI SITARAM RAJU, ELURU",ANAESTHESIOLOGY,ST-GEN,AP GOVT-NS LOC,100404.0
496800.0,30000.0,1.0,4000000.0,1200.0,0.0603864734299516,1,20719.0,20719.0,19038.0,22400.0,2377.29,3362.0,4.826254826254826e-05,0.0004204701697438,2.0,2.0,0.38791015194890993,15,,,190223,1,0,0,56,0,2023,1,"ALLURI SITARAM RAJU, ELURU",ANAESTHESIOLOGY,OPEN-GEN,AP GOVT-NS UNR,19038.0
496800.0,30000.0,1.0,4000000.0,1200.0,0.0603864734299516,1,20719.0,20719.0,19038.0,22400.0,2377.29,3362.0,4.826254826254826e-05,0.0004204701697438,2.0,2.0,0.37222163139423586,15,,,65726,1,0,0,56,0,2023,2,"ALLURI SITARAM RAJU, ELURU",ANAESTHESIOLOGY,OPEN-GEN,AP GOVT-NS UNR,22400.0
496800.0,30000.0,1.0,4000000.0,1200.0,0.0603864734299516,1,165775.0,165775.0,165775.0,165775.0,,0.0,6.032236270630248e-06,,1.0,1.0,0.9605290783119882,20,,,129982,1,0,0,14,0,2024,2,"ALLURI SITARAM RAJU, ELURU",ANAESTHESIOLOGY,BCB-GEN,AP GOVT-SERV LOC,165775.0
496800.0,30000.0,1.0,4000000.0,1200.0,0.0603864734299516,1,135896.0,135896.0,135302.0,136490.0,840.04,1188.0,7.358514168819032e-06,0.001189004090174,2.0,2.0,0.951930235031373,15,,,84655,1,0,0,17,0,2023,2,"ALLURI SITARAM RAJU, ELURU",ANAESTHESIOLOGY,BCD-FEM,AP GOVT-SERV LOC,136490.0
496800.0,30000.0,1.0,4000000.0,1200.0,0.0603864734299516,1,135896.0,135896.0,135302.0,136490.0,840.04,1188.0,7.358514168819032e-06,0.001189004090174,2.0,2.0,0.8136071307683629,15,,,166846,1,0,0,17,0,2023,3,"ALLURI SITARAM RAJU, ELURU",ANAESTHESIOLOGY,BCD-FEM,AP GOVT-SERV LOC,135302.0
496800.0,30000.0,1.0,4000000.0,1200.0,0.0603864734299516,1,167476.0,167476.0,167476.0,167476.0,,0.0,5.970969148002412e-06,,1.0,1.0,0.974688929065192,15,,,119347,1,0,0,14,0,2023,2,"ALLURI SITARAM RAJU, ELURU",ANAESTHESIOLOGY,BCB-FEM,AP GOVT-SERV UNR,167476.0
48600.0,60823.0,1.0,4000000.0,1030.0,1.2515020576131688,1,67544.67,64838.0,62989.0,74807.0,6356.95,11818.0,1.4804797998154434e-05,0.0001572834010962,3.0,3.0,0.7283855421686747,22,,,67436,1,0,1,71,0,2024,1,"ANDHRA MED COLL, VIZAG",ANAESTHESIOLOGY,ST-GEN,AP GOVT-NS APUR,62989.0
48600.0,60823.0,1.0,4000000.0,1030.0,1.2515020576131688,1,67544.67,64838.0,62989.0,74807.0,6356.95,11818.0,1.4804797998154434e-05,0.0001572834010962,3.0,3.0,0.6891664917069074,22,,,56887,1,0,1,71,0,2024,2,"ANDHRA MED COLL, VIZAG",ANAESTHESIOLOGY,ST-GEN,AP GOVT-NS APUR,64838.0
48600.0,60823.0,1.0,4000000.0,1030.0,1.2515020576131688,1,67544.67,64838.0,62989.0,74807.0,6356.95,11818.0,1.4804797998154434e-05,0.0001572834010962,3.0,3.0,0.7560754912099276,22,,,66804,1,0,1,71,0,2024,3,"ANDHRA MED COLL, VIZAG",ANAESTHESIOLOGY,ST-GEN,AP GOVT-NS APUR,74807.0
48600.0,60823.0,1.0,4000000.0,1030.0,1.2515020576131688,1,9405.0,9405.0,9405.0,9405.0,,0.0,0.0001063151180097,,1.0,1.0,0.2075534023342876,18,,,31552,1,0,1,14,0,2023,1,"ANDHRA MED COLL, VIZAG",ANAESTHESIOLOGY,BCB-GEN,AP GOVT-NS APUR,9405.0
48600.0,60823.0,1.0,4000000.0,1030.0,1.2515020576131688,1,24814.0,24814.0,24814.0,24814.0,,0.0,4.029820672980052e-05,,1.0,1.0,0.4038072955439753,18,,,116217,1,0,1,17,0,2023,2,"ANDHRA MED COLL, VIZAG",ANAESTHESIOLOGY,BCD-GEN,AP GOVT-NS APUR,24814.0
48600.0,60823.0,1.0,4000000.0,1030.0,1.2515020576131688,1,14628.0,12984.0,10840.0,21507.0,4115.65,10667.0,6.835737234260716e-05,0.0002429159632225,5.0,3.0,0.281766130808192,18,-4362.5,-0.25294987388745543,11395,1,0,1,56,0,2023,1,"ANDHRA MED COLL, VIZAG",ANAESTHESIOLOGY,OPEN-GEN,AP GOVT-NS LOC,12984.0
48600.0,60823.0,1.0,4000000.0,1030.0,1.2515020576131688,1,14628.0,12984.0,10840.0,21507.0,4115.65,10667.0,6.835737234260716e-05,0.0002429159632225,5.0,3.0,0.3599914920769967,18,-4362.5,-0.25294987388745543,69093,1,0,1,56,0,2023,2,"ANDHRA MED COLL, VIZAG",ANAESTHESIOLOGY,OPEN-GEN,AP GOVT-NS LOC,21507.0
48600.0,60823.0,1.0,4000000.0,1030.0,1.2515020576131688,1,14628.0,12984.0,10840.0,21507.0,4115.65,10667.0,6.835737234260716e-05,0.0002429159632225,5.0,3.0,0.20539759036144578,22,-4362.5,-0.25294987388745543,3891,1,0,1,56,0,2024,1,"ANDHRA MED COLL, VIZAG",ANAESTHESIOLOGY,OPEN-GEN,AP GOVT-NS LOC,10840.0
48600.0,60823.0,1.0,4000000.0,1030.0,1.2515020576131688,1,14628.0,12984.0,10840.0,21507.0,4115.65,10667.0,6.835737234260716e-05,0.0002429159632225,5.0,3.0,0.21719504513961788,22,-4362.5,-0.25294987388745543,41607,1,0,1,56,0,2024,2,"ANDHRA MED COLL, VIZAG",ANAESTHESIOLOGY,OPEN-GEN,AP GOVT-NS LOC,12824.0
48600.0,60823.0,1.0,4000000.0,1030.0,1.2515020576131688,1,14628.0,12984.0,10840.0,21507.0,4115.65,10667.0,6.835737234260716e-05,0.0002429159632225,5.0,3.0,0.22039813857290588,22,-4362.5,-0.25294987388745543,87314,1,0,1,56,0,2024,3,"ANDHRA MED COLL, VIZAG",ANAESTHESIOLOGY,OPEN-GEN,AP GOVT-NS LOC,14985.0
48600.0,60823.0,1.0,4000000.0,1030.0,1.2515020576131688,1,21414.33,20402.0,20402.0,23439.0,1753.41,3037.0,4.669552138584836e-05,0.0005699921911069,3.0,3.0,0.36703614457831324,22,,,141700,1,0,1,17,0,2024,1,"ANDHRA MED COLL, VIZAG",ANAESTHESIOLOGY,BCD-FEM,AP GOVT-NS LOC,20402.0
48600.0,60823.0,1.0,4000000.0,1030.0,1.2515020576131688,1,21414.33,20402.0,20402.0,23439.0,1753.41,3037.0,4.669552138584836e-05,0.0005699921911069,3.0,3.0,0.3316187276926307,22,,,8793,1,0,1,17,0,2024,2,"ANDHRA MED COLL, VIZAG",ANAESTHESIOLOGY,BCD-FEM,AP GOVT-NS LOC,20402.0
48600.0,60823.0,1.0,4000000.0,1030.0,1.2515020576131688,1,21414.33,20402.0,20402.0,23439.0,1753.41,3037.0,4.669552138584836e-05,0.0005699921911069,3.0,3.0,0.358712512926577,22,,,174074,1,0,1,17,0,2024,3,"ANDHRA MED COLL, VIZAG",ANAESTHESIOLOGY,BCD-FEM,AP GOVT-NS LOC,23439.0
48600.0,60823.0,1.0,4000000.0,1030.0,1.2515020576131688,1,21933.67,24401.0,14016.0,27384.0,7017.24,13368.0,4.558992681449049e-05,0.0001424858654021,3.0,3.0,0.30026425897379433,18,3701.0,0.17878363364088692,154970,1,0,1,17,0,2023,1,"ANDHRA MED COLL, VIZAG",ANAESTHESIOLOGY,BCD-GEN,AP GOVT-NS LOC,14016.0
48600.0,60823.0,1.0,4000000.0,1030.0,1.2515020576131688,1,21933.67,24401.0,14016.0,27384.0,7017.24,13368.0,4.558992681449049e-05,0.0001424858654021,3.0,3.0,0.4366691481442093,18,3701.0,0.17878363364088692,68149,1,0,1,17,0,2023,2,"ANDHRA MED COLL, VIZAG",ANAESTHESIOLOGY,BCD-GEN,AP GOVT-NS LOC,27384.0
48600.0,60823.0,1.0,4000000.0,1030.0,1.2515020576131688,1,21933.67,24401.0,14016.0,27384.0,7017.24,13368.0,4.558992681449049e-05,0.0001424858654021,3.0,3.0,0.3720268872802482,22,3701.0,0.17878363364088692,124244,1,0,1,17,0,2024,3,"ANDHRA MED COLL, VIZAG",ANAESTHESIOLOGY,BCD-GEN,AP GOVT-NS LOC,24401.0
48600.0,60823.0,1.0,4000000.0,1030.0,1.2515020576131688,1,20049.75,19189.5,14922.0,26898.0,4990.73,11976.0,4.9873446130444e-05,0.0002003313480496,4.0,3.0,0.3194230345738824,18,6837.0,0.4581518461435368,120175,1,0,1,12,0,2023,1,"ANDHRA MED COLL, VIZAG",ANAESTHESIOLOGY,BCA-GEN,AP GOVT-NS LOC,14922.0
48600.0,60823.0,1.0,4000000.0,1030.0,1.2515020576131688,1,20049.75,19189.5,14922.0,26898.0,4990.73,11976.0,4.9873446130444e-05,0.0002003313480496,4.0,3.0,0.34804819277108434,22,6837.0,0.4581518461435368,154556,1,0,1,12,0,2024,1,"ANDHRA MED COLL, VIZAG",ANAESTHESIOLOGY,BCA-GEN,AP GOVT-NS LOC,19032.0
48600.0,60823.0,1.0,4000000.0,1030.0,1.2515020576131688,1,20049.75,19189.5,14922.0,26898.0,4990.73,11976.0,4.9873446130444e-05,0.0002003313480496,4.0,3.0,0.3174469871929456,22,6837.0,0.4581518461435368,124359,1,0,1,12,0,2024,2,"ANDHRA MED COLL, VIZAG",ANAESTHESIOLOGY,BCA-GEN,AP GOVT-NS LOC,19347.0
48600.0,60823.0,1.0,4000000.0,1030.0,1.2515020576131688,1,20049.75,19189.5,14922.0,26898.0,4990.73,11976.0,4.9873446130444e-05,0.0002003313480496,4.0,3.0,0.40809203722854187,22,6837.0,0.4581518461435368,48556,1,0,1,12,0,2024,3,"ANDHRA MED COLL, VIZAG",ANAESTHESIOLOGY,BCA-GEN,AP GOVT-NS LOC,26898.0
48600.0,60823.0,1.0,4000000.0,1030.0,1.2515020576131688,1,31427.0,31427.0,31427.0,31427.0,0.0,0.0,3.181876034109711e-05,1.0,2.0,2.0,0.4622086920008398,22,,,17160,1,0,1,18,0,2024,2,"ANDHRA MED COLL, VIZAG",ANAESTHESIOLOGY,BCE-GEN-PHO,AP GOVT-NS LOC,31427.0
48600.0,60823.0,1.0,4000000.0,1030.0,1.2515020576131688,1,31427.0,31427.0,31427.0,31427.0,0.0,0.0,3.181876034109711e-05,1.0,2.0,2.0,0.4639348500517063,22,,,110511,1,0,1,18,0,2024,3,"ANDHRA MED COLL, VIZAG",ANAESTHESIOLOGY,BCE-GEN-PHO,AP GOVT-NS LOC,31427.0
48600.0,60823.0,1.0,4000000.0,1030.0,1.2515020576131688,1,34866.0,34866.0,34866.0,34866.0,0.0,0.0,2.8680414145180257e-05,1.0,3.0,3.0,0.5307951807228916,22,,,106531,1,0,1,64,0,2024,1,"ANDHRA MED COLL, VIZAG",ANAESTHESIOLOGY,SC-FEM,AP GOVT-NS LOC,34866.0
48600.0,60823.0,1.0,4000000.0,1030.0,1.2515020576131688,1,34866.0,34866.0,34866.0,34866.0,0.0,0.0,2.8680414145180257e-05,1.0,3.0,3.0,0.4921268108335083,22,,,80078,1,0,1,64,0,2024,2,"ANDHRA MED COLL, VIZAG",ANAESTHESIOLOGY,SC-FEM,AP GOVT-NS LOC,34866.0
48600.0,60823.0,1.0,4000000.0,1030.0,1.2515020576131688,1,34866.0,34866.0,34866.0,34866.0,0.0,0.0,2.8680414145180257e-05,1.0,3.0,3.0,0.5037487073422957,22,,,35921,1,0,1,64,0,2024,3,"ANDHRA MED COLL, VIZAG",ANAESTHESIOLOGY,SC-FEM,AP GOVT-NS LOC,34866.0
48600.0,60823.0,1.0,4000000.0,1030.0,1.2515020576131688,1,16774.0,16774.0,16774.0,16774.0,,0.0,5.961251862891207e-05,,1.0,1.0,0.3108433734939759,22,,,198194,1,0,1,14,0,2024,1,"ANDHRA MED COLL, VIZAG",ANAESTHESIOLOGY,BCB-GEN,AP GOVT-NS LOC,16774.0
48600.0,60823.0,1.0,4000000.0,1030.0,1.2515020576131688,1,31427.0,31427.0,31427.0,31427.0,,0.0,3.181876034109711e-05,,1.0,1.0,0.5002409638554217,22,,,19458,1,0,1,18,0,2024,1,"ANDHRA MED COLL, VIZAG",ANAESTHESIOLOGY,BCE-FEM-PHO,AP GOVT-NS LOC,31427.0
48600.0,60823.0,1.0,4000000.0,1030.0,1.2515020576131688,1,12931.0,12931.0,11846.0,14016.0,1534.42,2170.0,7.732755954222085e-05,0.0006512875955764,2.0,2.0,0.2595243338471702,18,,,197630,1,0,1,56,0,2023,1,"ANDHRA MED COLL, VIZAG",ANAESTHESIOLOGY,OPEN-FEM,AP GOVT-NS LOC,11846.0
48600.0,60823.0,1.0,4000000.0,1030.0,1.2515020576131688,1,12931.0,12931.0,11846.0,14016.0,1534.42,2170.0,7.732755954222085e-05,0.0006512875955764,2.0,2.0,0.24864404977134957,18,,,78954,1,0,1,56,0,2023,2,"ANDHRA MED COLL, VIZAG",ANAESTHESIOLOGY,OPEN-FEM,AP GOVT-NS LOC,14016.0
48600.0,60823.0,1.0,4000000.0,1030.0,1.2515020576131688,1,19171.5,19171.5,14641.0,23702.0,6407.09,9061.0,5.215803885773895e-05,0.0001560527395838,2.0,2.0,0.31314688394626733,18,,,52996,1,0,1,14,0,2023,1,"ANDHRA MED COLL, VIZAG",ANAESTHESIOLOGY,BCB-FEM,AP GOVT-NS LOC,14641.0
48600.0,60823.0,1.0,4000000.0,1030.0,1.2515020576131688,1,19171.5,19171.5,14641.0,23702.0,6407.09,9061.0,5.215803885773895e-05,0.0001560527395838,2.0,2.0,0.392002552376901,18,,,171830,1,0,1,14,0,2023,2,"ANDHRA MED COLL, VIZAG",ANAESTHESIOLOGY,BCB-FEM,AP GOVT-NS LOC,23702.0
48600.0,60823.0,1.0,4000000.0,1030.0,1.2515020576131688,1,34423.5,34423.5,31023.0,37824.0,4809.03,6801.0,2.904907841798719e-05,0.0002078989112334,2.0,2.0,0.5411803567496146,18,,,9693,1,0,1,64,0,2023,1,"ANDHRA MED COLL, VIZAG",ANAESTHESIOLOGY,SC-GEN,AP GOVT-NS LOC,31023.0
48600.0,60823.0,1.0,4000000.0,1030.0,1.2515020576131688,1,34423.5,34423.5,31023.0,37824.0,4809.03,6801.0,2.904907841798719e-05,0.0002078989112334,2.0,2.0,0.5424864404977134,18,,,176831,1,0,1,64,0,2023,2,"ANDHRA MED COLL, VIZAG",ANAESTHESIOLOGY,SC-GEN,AP GOVT-NS LOC,37824.0
48600.0,60823.0,1.0,4000000.0,1030.0,1.2515020576131688,1,104924.0,104924.0,104924.0,104924.0,,0.0,9.530617107457708e-06,,1.0,1.0,0.8434809993701449,22,,,196770,1,0,1,17,0,2024,2,"ANDHRA MED COLL, VIZAG",ANAESTHESIOLOGY,BCD-FEM,AP GOVT-SERV LOC,104924.0
48600.0,60823.0,1.0,4000000.0,1030.0,1.2515020576131688,1,148279.5,148279.5,127102.0,169457.0,29949.51,42355.0,6.743975101243926e-06,3.338841308545331e-05,2.0,1.0,0.9452302456662767,18,42355.0,0.3332336766244699,37066,1,0,1,12,0,2023,2,"ANDHRA MED COLL, VIZAG",ANAESTHESIOLOGY,BCA-FEM,AP GOVT-SERV LOC,127102.0
48600.0,60823.0,1.0,4000000.0,1030.0,1.2515020576131688,1,148279.5,148279.5,127102.0,169457.0,29949.51,42355.0,6.743975101243926e-06,3.338841308545331e-05,2.0,1.0,0.9661977745118623,22,42355.0,0.3332336766244699,99300,1,0,1,12,0,2024,2,"ANDHRA MED COLL, VIZAG",ANAESTHESIOLOGY,BCA-FEM,AP GOVT-SERV LOC,169457.0
48600.0,60823.0,1.0,4000000.0,1030.0,1.2515020576131688,1,73116.0,73116.0,73116.0,73116.0,0.0,0.0,1.367670993065908e-05,1.0,2.0,2.0,0.8251486456727593,18,,,163679,1,0,1,56,0,2023,1,"ANDHRA MED COLL, VIZAG",ANAESTHESIOLOGY,OPEN-GEN,AP GOVT-SERV LOC,73116.0
48600.0,60823.0,1.0,4000000.0,1030.0,1.2515020576131688,1,73116.0,73116.0,73116.0,73116.0,0.0,0.0,1.367670993065908e-05,1.0,2.0,2.0,0.7628416462831011,18,,,11535,1,0,1,56,0,2023,2,"ANDHRA MED COLL, VIZAG",ANAESTHESIOLOGY,OPEN-GEN,AP GOVT-SERV LOC,73116.0
48600.0,60823.0,1.0,4000000.0,1030.0,1.2515020576131688,1,125195.0,125195.0,116519.0,133871.0,12269.72,17352.0,7.987475638199303e-06,8.149481041047307e-05,2.0,2.0,0.9910812596344417,18,,,40398,1,0,1,64,0,2023,1,"ANDHRA MED COLL, VIZAG",ANAESTHESIOLOGY,SC-GEN,AP GOVT-SERV LOC,116519.0
48600.0,60823.0,1.0,4000000.0,1030.0,1.2515020576131688,1,125195.0,125195.0,116519.0,133871.0,12269.72,17352.0,7.987475638199303e-06,8.149481041047307e-05,2.0,2.0,0.9503349994682548,18,,,91388,1,0,1,64,0,2023,2,"ANDHRA MED COLL, VIZAG",ANAESTHESIOLOGY,SC-GEN,AP GOVT-SERV LOC,133871.0
496800.0,28000.0,1.0,4000000.0,790.0,0.0563607085346215,1,25303.33,22128.0,22100.0,31682.0,5524.11,9582.0,3.951892818343738e-05,0.000180991871655,3.0,3.0,0.38944578313253014,14,,,1017,1,0,0,56,0,2024,1,"DR PSI MED COLL, CHINOUTPALLI",ANAESTHESIOLOGY,OPEN-FEM,AP GOVT-NS APUR,22100.0
496800.0,28000.0,1.0,4000000.0,790.0,0.0563607085346215,1,25303.33,22128.0,22100.0,31682.0,5524.11,9582.0,3.951892818343738e-05,0.000180991871655,3.0,3.0,0.3556581986143187,14,,,55592,1,0,0,56,0,2024,2,"DR PSI MED COLL, CHINOUTPALLI",ANAESTHESIOLOGY,OPEN-FEM,AP GOVT-NS APUR,22128.0
496800.0,28000.0,1.0,4000000.0,790.0,0.0563607085346215,1,25303.33,22128.0,22100.0,31682.0,5524.11,9582.0,3.951892818343738e-05,0.000180991871655,3.0,3.0,0.46639089968976216,14,,,23248,1,0,0,56,0,2024,3,"DR PSI MED COLL, CHINOUTPALLI",ANAESTHESIOLOGY,OPEN-FEM,AP GOVT-NS APUR,31682.0
496800.0,28000.0,1.0,4000000.0,790.0,0.0563607085346215,1,30348.67,27320.0,27320.0,36406.0,5245.8,9086.0,3.294928742223557e-05,0.0001905923610581,3.0,3.0,0.45696385542168677,14,,,24301,1,0,0,17,0,2024,1,"DR PSI MED COLL, CHINOUTPALLI",ANAESTHESIOLOGY,BCD-GEN,AP GOVT-NS LOC,27320.0
496800.0,28000.0,1.0,4000000.0,790.0,0.0563607085346215,1,30348.67,27320.0,27320.0,36406.0,5245.8,9086.0,3.294928742223557e-05,0.0001905923610581,3.0,3.0,0.42000839806844426,14,,,82799,1,0,0,17,0,2024,2,"DR PSI MED COLL, CHINOUTPALLI",ANAESTHESIOLOGY,BCD-GEN,AP GOVT-NS LOC,27320.0
496800.0,28000.0,1.0,4000000.0,790.0,0.0563607085346215,1,30348.67,27320.0,27320.0,36406.0,5245.8,9086.0,3.294928742223557e-05,0.0001905923610581,3.0,3.0,0.5202947259565667,14,,,9269,1,0,0,17,0,2024,3,"DR PSI MED COLL, CHINOUTPALLI",ANAESTHESIOLOGY,BCD-GEN,AP GOVT-NS LOC,36406.0
496800.0,28000.0,1.0,4000000.0,790.0,0.0563607085346215,1,57728.0,57728.0,57728.0,57728.0,0.0,0.0,1.7322316340141004e-05,1.0,3.0,3.0,0.6985060240963855,14,,,86808,1,0,0,64,0,2024,1,"DR PSI MED COLL, CHINOUTPALLI",ANAESTHESIOLOGY,SC-GEN,AP GOVT-NS LOC,57728.0
496800.0,28000.0,1.0,4000000.0,790.0,0.0563607085346215,1,57728.0,57728.0,57728.0,57728.0,0.0,0.0,1.7322316340141004e-05,1.0,3.0,3.0,0.653159773252152,14,,,12186,1,0,0,64,0,2024,2,"DR PSI MED COLL, CHINOUTPALLI",ANAESTHESIOLOGY,SC-GEN,AP GOVT-NS LOC,57728.0
496800.0,28000.0,1.0,4000000.0,790.0,0.0563607085346215,1,57728.0,57728.0,57728.0,57728.0,0.0,0.0,1.7322316340141004e-05,1.0,3.0,3.0,0.6813598759048604,14,,,194777,1,0,0,64,0,2024,3,"DR PSI MED COLL, CHINOUTPALLI",ANAESTHESIOLOGY,SC-GEN,AP GOVT-NS LOC,57728.0
496800.0,28000.0,1.0,4000000.0,790.0,0.0563607085346215,1,102435.67,95987.0,95987.0,115333.0,11169.42,19346.0,9.762129128172558e-06,8.952214867480363e-05,3.0,3.0,0.8702650602409638,14,,,170172,1,0,0,71,0,2024,1,"DR PSI MED COLL, CHINOUTPALLI",ANAESTHESIOLOGY,ST-GEN,AP GOVT-NS LOC,95987.0
496800.0,28000.0,1.0,4000000.0,790.0,0.0563607085346215,1,102435.67,95987.0,95987.0,115333.0,11169.42,19346.0,9.762129128172558e-06,8.952214867480363e-05,3.0,3.0,0.8142977115263489,14,,,139644,1,0,0,71,0,2024,2,"DR PSI MED COLL, CHINOUTPALLI",ANAESTHESIOLOGY,ST-GEN,AP GOVT-NS LOC,95987.0
496800.0,28000.0,1.0,4000000.0,790.0,0.0563607085346215,1,102435.67,95987.0,95987.0,115333.0,11169.42,19346.0,9.762129128172558e-06,8.952214867480363e-05,3.0,3.0,0.8861168562564633,14,,,38045,1,0,0,71,0,2024,3,"DR PSI MED COLL, CHINOUTPALLI",ANAESTHESIOLOGY,ST-GEN,AP GOVT-NS LOC,115333.0
496800.0,28000.0,1.0,4000000.0,790.0,0.0563607085346215,1,42673.0,42673.0,30490.0,54856.0,17229.36,24366.0,2.3433472371936072e-05,5.803709266666512e-05,2.0,2.0,0.5347940982162519,7,,,51215,1,0,0,12,0,2023,1,"DR PSI MED COLL, CHINOUTPALLI",ANAESTHESIOLOGY,BCA-GEN,AP GOVT-NS LOC,30490.0
496800.0,28000.0,1.0,4000000.0,790.0,0.0563607085346215,1,42673.0,42673.0,30490.0,54856.0,17229.36,24366.0,2.3433472371936072e-05,5.803709266666512e-05,2.0,2.0,0.6662767201956822,7,,,192301,1,0,0,12,0,2023,2,"DR PSI MED COLL, CHINOUTPALLI",ANAESTHESIOLOGY,BCA-GEN,AP GOVT-NS LOC,54856.0
496800.0,28000.0,1.0,4000000.0,790.0,0.0563607085346215,1,51559.0,54521.0,25750.0,74406.0,24462.86,48656.0,1.9394879751745538e-05,4.087662372168578e-05,3.0,3.0,0.4774278793217353,7,,,114753,1,0,0,14,0,2023,1,"DR PSI MED COLL, CHINOUTPALLI",ANAESTHESIOLOGY,BCB-GEN,AP GOVT-NS LOC,25750.0
496800.0,28000.0,1.0,4000000.0,790.0,0.0563607085346215,1,51559.0,54521.0,25750.0,74406.0,24462.86,48656.0,1.9394879751745538e-05,4.087662372168578e-05,3.0,3.0,0.6642560884823993,7,,,48985,1,0,0,14,0,2023,2,"DR PSI MED COLL, CHINOUTPALLI",ANAESTHESIOLOGY,BCB-GEN,AP GOVT-NS LOC,54521.0
496800.0,28000.0,1.0,4000000.0,790.0,0.0563607085346215,1,51559.0,54521.0,25750.0,74406.0,24462.86,48656.0,1.9394879751745538e-05,4.087662372168578e-05,3.0,3.0,0.6151415999097372,7,,,40775,1,0,0,14,0,2023,3,"DR PSI MED COLL, CHINOUTPALLI",ANAESTHESIOLOGY,BCB-GEN,AP GOVT-NS LOC,74406.0
496800.0,28000.0,1.0,4000000.0,790.0,0.0563607085346215,1,104924.0,104924.0,104924.0,104924.0,,0.0,9.530617107457708e-06,,1.0,1.0,0.8990843373493976,14,,,2569,1,0,0,56,0,2024,1,"DR PSI MED COLL, CHINOUTPALLI",ANAESTHESIOLOGY,OPEN-GEN,AP GOVT-SERV LOC,104924.0
